trade_date,open,high,low,close,pct_chg,vol,amount,adj_factor,open_qfq,close_qfq,high_qfq,low_qfq,open_hfq,close_hfq,high_hfq,low_hfq
20250618,246.98,249.58,245.57,245.57,-0.28,104606,2586544,1.912500,242.29,240.91,244.84,240.91,246.98,245.57,249.58,245.57
20250619,245.30,246.16,241.60,242.10,-1.41,147985,3604509,1.912500,240.64,237.51,241.49,237.01,245.30,242.10,246.16,241.60
20250620,241.06,243.12,239.50,240.26,-0.76,136883,3293986,1.912500,236.48,235.70,238.51,234.95,241.06,240.26,243.12,239.50
20250623,239.30,240.60,238.03,239.61,-0.27,127099,3040681,1.912500,234.76,235.06,236.03,233.51,239.30,239.61,240.60,238.03
20250624,240.58,248.08,240.58,245.92,2.63,235011,5767361,1.912500,236.01,241.25,243.37,236.01,240.58,245.92,248.08,240.58
20250625,246.50,255.88,246.00,254.90,3.65,315377,7930321,1.912500,241.82,250.06,251.02,241.33,246.50,254.90,255.88,246.00
20250626,255.88,256.29,252.36,252.79,-0.83,199145,5062387,1.912500,251.02,247.99,251.43,247.57,255.88,252.79,256.29,252.36
20250627,256.50,257.45,250.11,250.99,-0.71,236201,5985027,1.912500,251.63,246.23,252.56,245.36,256.50,250.99,257.45,250.11
20250630,251.50,253.50,249.70,252.22,0.49,176234,4434817,1.912500,246.73,247.43,248.69,244.96,251.50,252.22,253.50,249.70
20250701,252.50,252.74,249.88,251.50,-0.29,95323,2395104,1.912500,247.71,246.73,247.94,245.14,252.50,251.50,252.74,249.88
20250702,251.50,252.01,249.19,250.45,-0.42,115714,2897312,1.912500,246.73,245.70,247.23,244.46,251.50,250.45,252.01,249.19
20250703,251.47,263.21,250.59,262.59,4.85,338037,8746804,1.912500,246.70,257.61,258.21,245.83,251.47,262.59,263.21,250.59
20250704,265.01,269.98,260.98,265.80,1.22,272060,7214228,1.912500,259.98,260.76,264.86,256.03,265.01,265.80,269.98,260.98
20250707,265.80,268.88,258.88,260.89,-1.85,174665,4568973,1.912500,260.76,255.94,263.78,253.97,265.80,260.89,268.88,258.88
20250708,260.70,265.90,259.82,263.31,0.93,155923,4104293,1.912500,255.75,258.31,260.85,254.89,260.70,263.31,265.90,259.82
20250709,262.20,274.46,262.10,270.80,2.84,293884,7948424,1.912500,257.22,265.66,269.25,257.13,262.20,270.80,274.46,262.10
20250710,274.99,274.99,268.50,272.00,0.44,242393,6594201,1.912500,269.77,266.84,269.77,263.40,274.99,272.00,274.99,268.50
20250711,271.50,274.00,270.10,271.50,-0.18,213282,5798544,1.912500,266.35,266.35,268.80,264.97,271.50,271.50,274.00,270.10
20250714,271.00,271.32,266.10,268.50,-1.10,149789,4013693,1.912500,265.86,263.40,266.17,261.05,271.00,268.50,271.32,266.10
20250715,268.50,272.50,266.00,267.75,-0.28,169526,4553828,1.912500,263.40,262.67,267.33,260.95,268.50,267.75,272.50,266.00
20250716,268.50,268.70,263.04,264.40,-1.25,156265,4135841,1.912500,263.40,259.38,263.60,258.05,268.50,264.40,268.70,263.04
20250717,265.37,267.75,264.36,265.50,0.42,145110,3852746,1.912500,260.33,260.46,262.67,259.34,265.37,265.50,267.75,264.36
20250718,268.70,272.45,265.80,271.20,2.15,221866,5981601,1.912500,263.60,266.05,267.28,260.76,268.70,271.20,272.45,265.80
20250721,277.00,282.00,273.55,279.66,3.12,324863,9047295,1.912500,271.74,274.35,276.65,268.36,277.00,279.66,282.00,273.55
20250722,280.00,290.00,279.18,286.66,2.50,333090,9468912,1.912500,274.69,281.22,284.50,273.88,280.00,286.66,290.00,279.18
20250723,288.16,290.75,286.59,287.02,0.13,200190,5772653,1.912500,282.69,281.57,285.23,281.15,288.16,287.02,290.75,286.59
20250724,289.00,289.20,282.91,285.20,-0.63,223891,6394082,1.912500,283.52,279.79,283.71,277.54,289.00,285.20,289.20,282.91
20250725,285.20,285.20,281.75,282.80,-0.84,134326,3802835,1.912500,279.79,277.43,279.79,276.40,285.20,282.80,285.20,281.75
20250728,283.02,289.09,281.30,286.30,1.24,238973,6830867,1.912500,277.65,280.87,283.60,275.96,283.02,286.30,289.09,281.30
20250729,286.70,292.00,286.68,291.82,1.93,233946,6785428,1.912500,281.26,286.28,286.46,281.24,286.70,291.82,292.00,286.68
20250730,292.20,292.20,276.36,277.09,-5.05,415943,11712765,1.912500,286.65,271.83,286.65,271.11,292.20,277.09,292.20,276.36
20250731,280.80,281.98,264.62,264.62,-4.50,447104,12088515,1.912500,275.47,259.60,276.63,259.60,280.80,264.62,281.98,264.62
20250801,264.80,266.60,262.75,263.07,-0.59,252500,6682815,1.912500,259.77,258.08,261.54,257.76,264.80,263.07,266.60,262.75
20250804,263.00,268.00,261.70,266.48,1.30,237682,6286238,1.912500,258.01,261.42,262.91,256.73,263.00,266.48,268.00,261.70
20250805,267.50,269.00,263.50,265.70,-0.29,219760,5844479,1.912500,262.42,260.66,263.89,258.50,267.50,265.70,269.00,263.50
20250806,265.22,266.90,263.23,265.00,-0.26,153233,4058482,1.912500,260.19,259.97,261.83,258.23,265.22,265.00,266.90,263.23
20250807,265.00,266.49,262.20,263.05,-0.74,165481,4363462,1.912500,259.97,258.06,261.43,257.22,265.00,263.05,266.49,262.20
20250808,264.00,266.16,262.01,263.48,0.16,174282,4604736,1.912500,258.99,258.48,261.11,257.04,264.00,263.48,266.16,262.01
20250811,263.48,266.15,262.50,263.66,0.07,213309,5627553,1.912500,258.48,258.66,261.10,257.52,263.48,263.66,266.15,262.50
20250812,263.50,265.18,257.72,263.25,-0.16,222407,5829141,1.912500,258.50,258.25,260.15,252.83,263.50,263.25,265.18,257.72
20250813,264.77,275.00,264.51,273.60,3.93,394668,10661085,1.912500,259.74,268.41,269.78,259.49,264.77,273.60,275.00,264.51
20250814,276.89,282.00,274.48,279.89,2.30,371708,10378442,1.912500,271.63,274.58,276.65,269.27,276.89,279.89,282.00,274.48
20250815,278.38,282.30,276.10,280.67,0.28,241092,6735591,1.912500,273.10,275.34,276.94,270.86,278.38,280.67,282.30,276.10
20250818,280.67,285.48,278.02,283.00,0.83,285288,8056187,1.912500,275.34,277.63,280.06,272.74,280.67,283.00,285.48,278.02
20250819,283.00,284.00,276.22,277.80,-1.84,244286,6816443,1.912500,277.63,272.53,278.61,270.98,283.00,277.80,284.00,276.22
20250820,277.50,279.99,272.05,279.20,0.87,233535,6414344,1.919400,273.22,274.89,275.67,267.85,278.50,280.21,281.00,273.03
20250821,279.27,281.80,278.00,279.00,-0.07,182698,5103915,1.919400,274.96,274.69,277.45,273.71,280.28,280.01,282.82,279.00
20250822,278.93,289.35,278.60,287.18,2.93,264219,7543699,1.919400,274.62,282.75,284.88,274.30,279.94,288.22,290.39,279.61
20250825,290.00,293.88,286.78,290.28,1.08,312297,9046693,1.919400,285.52,285.80,289.34,282.35,291.05,291.33,294.94,287.81
20250826,287.02,290.99,285.58,289.50,-0.27,230245,6648848,1.919400,282.59,285.03,286.50,281.17,288.06,290.54,292.04,286.61
20250827,289.00,289.54,278.19,278.30,-3.87,382584,10859010,1.919400,284.54,274.00,285.07,273.89,290.04,279.30,290.58,279.19
20250828,276.06,278.99,272.72,277.41,-0.32,304664,8407975,1.919400,271.80,273.13,274.68,268.51,277.06,278.41,280.00,273.70
20250829,278.31,316.66,277.95,306.18,10.37,780139,23482894,1.919400,274.01,301.45,311.77,273.66,279.31,307.28,317.80,278.95
20250901,306.50,306.90,299.30,304.00,-0.71,429964,13012796,1.919400,301.77,299.31,302.16,294.68,307.61,305.10,308.01,300.38
20250902,304.03,311.10,299.03,302.87,-0.37,371169,11289093,1.919400,299.34,298.19,306.30,294.41,305.13,303.96,312.22,300.11
20250903,303.50,311.65,303.03,309.00,2.02,508975,15640549,1.919400,298.81,304.23,306.84,298.35,304.59,310.11,312.77,304.12
20250904,313.47,323.33,300.63,304.03,-1.61,657548,20442631,1.919400,308.63,299.34,318.34,295.99,314.60,305.13,324.50,301.71
20250905,299.90,325.11,299.82,325.11,6.93,708198,22440212,1.919400,295.27,320.09,320.09,295.19,300.98,326.28,326.28,300.90
20250908,334.00,337.65,323.50,325.37,0.08,588346,19349632,1.919400,328.84,320.35,332.44,318.51,335.21,326.54,338.87,324.67
20250909,322.80,334.58,317.16,320.00,-1.65,434024,14085498,1.919400,317.82,315.06,329.41,312.26,323.96,321.15,335.79,318.30
20250910,317.99,322.00,313.00,316.04,-1.24,367527,11649704,1.919400,313.08,311.16,317.03,308.17,319.14,317.18,323.16,314.13
20250911,315.55,322.98,309.04,322.55,2.06,380345,12060757,1.919400,310.68,317.57,317.99,304.27,316.69,323.71,324.15,310.15
20250912,325.90,329.90,322.20,325.00,0.76,338713,11031033,1.919400,320.87,319.98,324.81,317.23,327.08,326.17,331.09,323.36
20250915,346.01,371.52,344.02,354.70,9.14,718410,25586615,1.919400,340.67,349.22,365.78,338.71,347.26,355.98,372.86,345.26
20250916,356.11,359.00,348.50,353.42,-0.36,377445,13325722,1.919400,350.61,347.96,353.46,343.12,357.39,354.70,360.30,349.76
20250917,356.80,381.88,354.00,377.10,6.70,543771,20113064,1.919400,351.29,371.28,375.98,348.53,358.09,378.46,383.26,355.28
20250918,374.59,380.00,360.80,366.89,-2.71,518897,19308546,1.919400,368.81,361.23,374.13,355.23,375.94,368.21,381.37,362.10
20250919,365.00,375.71,361.72,368.49,0.44,339149,12515444,1.919400,359.36,362.80,369.91,356.14,366.32,369.82,377.07,363.03
20250922,370.50,372.72,362.78,370.05,0.42,285278,10474485,1.919400,364.78,364.34,366.97,357.18,371.84,371.39,374.06,364.09
20250923,368.00,376.96,360.00,368.15,-0.51,348493,12813882,1.919400,362.32,362.47,371.14,354.44,369.33,369.48,378.32,361.30
20250924,371.00,380.00,366.06,379.93,3.20,383145,14311189,1.919400,365.27,374.06,374.13,360.41,372.34,381.30,381.37,367.38
20250925,376.60,402.59,376.47,392.85,3.40,466393,18251422,1.919400,370.79,386.78,396.37,370.66,377.96,394.27,404.04,377.83
20250926,392.02,399.99,380.00,380.40,-3.17,362633,14106500,1.919400,385.97,374.53,393.81,374.13,393.43,381.77,401.43,381.37
20250929,386.34,399.89,386.01,397.37,4.46,389647,15381134,1.919400,380.37,391.23,393.72,380.05,387.73,398.80,401.33,387.40
20250930,396.00,408.88,396.00,402.00,1.17,330313,13278446,1.919400,389.89,395.79,402.57,389.89,397.43,403.45,410.36,397.43
20251009,399.98,424.36,399.74,409.89,1.96,412088,16989123,1.919400,393.80,403.56,417.81,393.57,401.42,411.37,425.89,401.18
20251010,401.00,403.80,379.01,381.95,-6.82,533118,20684331,1.919400,394.81,376.05,397.57,373.16,402.45,383.33,405.26,380.38
20251013,362.86,384.60,362.86,374.50,-1.95,471510,17618650,1.919400,357.26,368.72,378.66,357.26,364.17,375.85,385.99,364.17
20251014,381.00,385.80,355.77,358.00,-4.41,496399,18319371,1.919400,375.12,352.47,379.84,350.28,382.37,359.29,387.19,357.05
20251015,358.50,369.71,354.76,369.30,3.16,369934,13383853,1.919400,352.96,363.60,364.00,349.28,359.79,370.63,371.04,356.04
20251016,367.50,373.90,364.50,368.50,-0.22,276295,10185159,1.919400,361.83,362.81,368.13,358.87,368.83,369.83,375.25,365.82
20251017,367.50,375.00,356.99,358.14,-2.81,319058,11588826,1.919400,361.83,352.61,369.21,351.48,368.83,359.43,376.35,358.28
20251020,365.00,368.89,359.53,366.50,2.33,284324,10372513,1.919400,359.36,360.84,363.19,353.98,366.32,367.82,370.22,360.83
20251021,373.00,381.35,363.10,375.90,2.56,446329,16784957,1.919400,367.24,370.10,375.46,357.49,374.35,377.26,382.73,364.41
20251022,375.90,378.88,368.20,372.86,-0.81,219459,8178935,1.919400,370.10,367.10,373.03,362.52,377.26,374.21,380.25,369.53
20251023,373.80,378.80,369.00,376.45,0.96,239981,8982628,1.919400,368.03,370.64,372.95,363.30,375.15,377.81,380.17,370.33
20251024,379.97,387.80,378.00,385.77,2.48,320416,12276721,1.919400,374.10,379.81,381.81,372.16,381.34,387.16,389.20,379.36
20251027,393.00,393.00,376.57,386.18,0.11,404510,15542853,1.919400,386.93,380.22,386.93,370.76,394.42,387.57,394.42,377.93
20251028,386.16,393.80,383.02,386.48,0.08,287083,11160797,1.919400,380.20,380.51,387.72,377.11,387.55,387.87,395.22,384.40
20251029,386.00,400.04,384.70,400.00,3.50,344740,13644645,1.919400,380.04,393.82,393.86,378.76,387.39,401.44,401.48,386.09
20251030,405.98,409.08,396.83,398.29,-0.43,343061,13797530,1.919400,399.71,392.14,402.76,390.70,407.44,399.73,410.56,398.26
20251031,398.00,406.80,388.20,388.77,-2.39,340484,13515773,1.919400,391.85,382.77,400.52,382.21,399.44,390.17,408.27,389.60
20251103,387.00,391.91,375.77,386.86,-0.49,263682,10106567,1.919400,381.02,380.89,385.86,369.97,388.40,388.26,393.32,377.13
20251104,383.06,386.50,374.00,378.95,-2.04,239391,9091842,1.919400,377.15,373.10,380.53,368.23,384.44,380.32,387.89,375.35
20251105,372.85,393.00,372.00,388.70,2.57,311425,11937587,1.919400,367.09,382.70,386.93,366.26,374.20,390.10,394.42,373.34
20251106,390.00,399.49,388.70,394.68,1.54,234475,9261688,1.919400,383.98,388.59,393.32,382.70,391.41,396.10,400.93,390.10
20251107,393.50,397.51,388.88,395.37,0.17,165549,6516185,1.919400,387.42,389.27,391.37,382.88,394.92,396.80,398.94,390.28
20251110,398.40,400.31,383.32,384.51,-2.75,238960,9267204,1.919400,392.25,378.57,394.13,377.40,399.84,385.90,401.75,384.70
20251111,386.00,394.77,384.50,385.60,0.28,193032,7500041,1.919400,380.04,379.65,388.67,378.56,387.39,386.99,396.19,385.89
20251112,390.78,392.99,383.98,386.38,0.20,212998,8261238,1.919400,384.75,380.41,386.92,378.05,392.19,387.77,394.41,385.37
20251113,385.05,421.30,385.05,415.60,7.56,562654,22945442,1.919400,379.10,409.18,414.80,379.10,386.44,417.10,422.82,386.44
20251114,407.00,414.60,403.88,404.12,-2.76,241721,9879120,1.919400,400.72,397.88,408.20,397.64,408.47,405.58,416.10,405.34
20251117,388.00,392.40,382.50,390.78,-3.30,476855,18542294,1.919400,382.01,384.75,386.34,376.59,389.40,392.19,393.82,383.88
20251118,389.00,398.63,381.00,385.00,-1.48,395658,15353868,1.919400,382.99,379.06,392.48,375.12,390.40,386.39,400.07,382.37
20251119,385.50,398.44,384.96,391.10,1.58,292667,11462349,1.919400,379.55,385.06,392.29,379.02,386.89,392.51,399.88,386.35
20251120,394.90,395.00,377.01,379.39,-2.99,336743,12895239,1.919400,388.80,373.53,388.90,371.19,396.32,380.76,396.43,378.37
20251121,375.00,383.00,370.00,370.00,-2.48,316313,11850710,1.919400,369.21,364.29,377.09,364.29,376.35,371.33,384.38,371.33
20251124,373.80,374.90,367.18,370.55,0.15,228458,8464724,1.919400,368.03,364.83,369.11,361.51,375.15,371.89,376.25,368.50
20251125,375.00,379.66,370.59,372.36,0.49,206332,7733117,1.919400,369.21,366.61,373.80,364.87,376.35,373.70,381.03,371.93
20251126,375.50,375.50,370.07,372.82,0.12,189107,7048904,1.919400,369.70,367.06,369.70,364.36,376.85,374.17,376.85,371.41
20251127,373.00,378.88,370.00,371.20,-0.43,222003,8289125,1.919400,367.24,365.47,373.03,364.29,374.35,372.54,380.25,371.33
20251128,370.50,375.48,366.16,373.20,0.54,203403,7542337,1.919400,364.78,367.44,369.68,360.51,371.84,374.55,376.83,367.48
20251201,374.76,382.97,374.03,382.97,2.62,267510,10120863,1.919400,368.97,377.06,377.06,368.26,376.11,384.35,384.35,375.38
20251202,383.50,384.98,377.40,380.08,-0.75,163485,6220570,1.919400,377.58,374.21,379.04,371.57,384.88,381.45,386.37,378.76
20251203,380.09,383.37,375.00,376.08,-1.05,139911,5294872,1.919400,374.22,370.27,377.45,369.21,381.46,377.44,384.75,376.35
20251204,379.19,383.60,375.15,383.35,1.93,191658,7299943,1.919400,373.34,377.43,377.68,369.36,380.56,384.73,384.98,376.50
20251205,387.20,389.31,382.00,389.09,1.50,232916,9004581,1.919400,381.22,383.08,383.30,376.10,388.60,390.49,390.71,383.38
20251208,390.43,395.38,385.50,392.50,0.88,216598,8476699,1.919400,384.40,386.44,389.28,379.55,391.84,393.92,396.81,386.89
20251209,391.50,392.26,386.00,387.59,-1.25,186918,7255076,1.919400,385.46,381.61,386.20,380.04,392.91,388.99,393.68,387.39
20251210,385.05,388.00,377.26,382.38,-1.34,194334,7399361,1.919400,379.10,376.48,382.01,371.44,386.44,383.76,389.40,378.62
20251211,384.90,398.86,383.38,388.99,1.73,282154,11089032,1.919400,378.96,382.98,392.70,377.46,386.29,390.39,400.30,384.76
20251212,392.00,393.39,385.50,391.80,0.72,240020,9355491,1.919400,385.95,385.75,387.32,379.55,393.41,393.21,394.81,386.89
20251215,391.50,394.97,385.21,385.50,-1.61,182750,7099251,1.919400,385.46,379.55,388.87,379.26,392.91,386.89,396.39,386.60
20251216,386.00,389.08,378.03,378.41,-1.84,191217,7292055,1.919400,380.04,372.57,383.07,372.19,387.39,379.78,390.48,379.39
20251217,376.45,384.50,375.06,383.42,1.32,222574,8453303,1.919400,370.64,377.50,378.56,369.27,377.81,384.80,385.89,376.41
20251218,379.57,380.95,370.01,372.00,-2.98,296393,11079385,1.919400,373.71,366.26,375.07,364.30,380.94,373.34,382.32,371.34
20251219,374.08,377.68,370.80,374.00,0.54,175599,6572808,1.919400,368.30,368.23,371.85,365.07,375.43,375.35,379.04,372.14
20251222,376.00,377.99,368.10,371.84,-0.58,254935,9489774,1.919400,370.19,366.10,372.15,362.42,377.36,373.18,379.35,369.43
20251223,372.00,380.50,371.60,378.10,1.68,236041,8879316,1.919400,366.26,372.26,374.63,365.86,373.34,379.46,381.87,372.94
20251224,378.08,378.08,372.00,375.60,-0.66,210884,7902858,1.919400,372.24,369.80,372.24,366.26,379.44,376.96,379.44,373.34
20251225,374.21,374.21,369.12,373.01,-0.69,203431,7559336,1.919400,368.43,367.25,368.43,363.42,375.56,374.36,375.56,370.45
20251226,372.96,378.00,370.10,374.43,0.38,257237,9616116,1.919400,367.20,368.65,372.16,364.39,374.31,375.78,379.36,371.44
20251229,374.00,374.43,368.00,369.31,-1.37,241241,8924503,1.919400,368.23,363.61,368.65,362.32,375.35,370.64,375.78,369.33
20251230,367.10,371.00,366.56,369.20,-0.03,190308,7014016,1.919400,361.43,363.50,365.27,360.90,368.42,370.53,372.34,367.88
20251231,369.79,372.00,367.15,367.26,-0.53,160266,5920432,1.919400,364.08,361.59,366.26,361.48,371.12,368.59,373.34,368.47
20260105,370.00,378.00,368.19,377.50,2.79,336881,12583420,1.919400,364.29,371.67,372.16,362.51,371.33,378.86,379.36,369.52
20260106,380.00,380.50,369.04,373.99,-0.93,341477,12764796,1.919400,374.13,368.22,374.63,363.34,381.37,375.34,381.87,370.37
20260107,372.95,375.48,368.49,371.01,-0.80,262285,9730944,1.919400,367.19,365.28,369.68,362.80,374.30,372.35,376.83,369.82
20260108,368.00,373.33,367.00,369.21,-0.49,269590,9962397,1.919400,362.32,363.51,367.57,361.33,369.33,370.54,374.68,368.32
20260109,369.17,377.63,367.01,369.23,0.01,314772,11681035,1.919400,363.47,363.53,371.80,361.34,370.50,370.56,378.99,368.33
20260112,368.00,368.00,351.66,361.68,-2.04,488307,17505537,1.919400,362.32,356.10,362.32,346.23,369.33,362.98,369.33,352.93
20260113,366.25,367.77,357.00,359.00,-0.74,296709,10745692,1.919400,360.60,353.46,362.09,351.49,367.57,360.30,369.10,358.29
20260114,360.03,361.22,351.71,353.98,-1.40,380834,13553363,1.919400,354.47,348.51,355.64,346.28,361.33,355.26,362.52,352.98
20260115,352.75,358.28,351.80,353.75,-0.07,323709,11474019,1.919400,347.30,348.29,352.75,346.37,354.02,355.03,359.57,353.07
20260116,357.99,361.72,351.51,352.32,-0.40,319818,11350570,1.919400,352.46,346.88,356.14,346.08,359.28,353.59,363.03,352.78
20260119,351.47,355.34,345.33,348.90,-0.97,338643,11842421,1.919400,346.04,343.51,349.85,340.00,352.74,350.16,356.62,346.58
20260120,350.00,356.91,347.90,349.60,0.20,354406,12466609,1.919400,344.60,344.20,351.40,342.53,351.26,350.86,358.20,349.16
20260121,351.94,357.69,349.00,349.81,0.06,393936,13919426,1.919400,346.51,344.41,352.17,343.61,353.21,351.07,358.98,350.26
20260122,351.03,353.73,339.50,345.80,-1.15,459948,15851213,1.919400,345.61,340.46,348.27,334.26,352.30,347.05,355.01,340.72
20260123,348.01,350.00,343.25,347.00,0.35,339761,11775914,1.919400,342.64,341.64,344.60,337.95,349.27,348.25,351.26,344.49
20260126,352.02,352.55,341.21,342.05,-1.43,332914,11468681,1.919400,346.58,336.77,347.11,335.94,353.29,343.28,353.82,342.44
20260127,344.89,344.90,334.02,339.40,-0.77,322949,10953699,1.919400,339.56,334.16,339.57,328.86,346.13,340.62,346.14,335.23
20260128,337.88,344.00,333.01,339.99,0.17,463082,15638344,1.919400,332.66,334.74,338.69,327.87,339.10,341.22,345.24,334.21
20260129,340.50,345.16,338.16,341.89,0.56,338444,11569007,1.919400,335.24,336.61,339.83,332.94,341.73,343.12,346.41,339.38
20260130,348.40,353.76,344.10,350.00,2.37,486501,17048600,1.919400,343.02,344.60,348.30,338.79,349.66,351.26,355.04,345.34
20260202,357.00,357.99,344.13,348.98,-0.29,391917,13766144,1.919400,351.49,343.59,352.46,338.82,358.29,350.24,359.28,345.37
20260203,349.00,352.80,343.50,347.91,-0.31,265163,9220046,1.919400,343.61,342.54,347.35,338.20,350.26,349.17,354.07,344.74
20260204,350.96,366.65,347.51,365.03,4.92,485317,17369398,1.919400,345.54,359.39,360.99,342.14,352.23,366.35,367.97,348.76
20260205,365.77,366.75,356.02,362.94,-0.57,284272,10268243,1.919400,360.12,357.34,361.09,350.52,367.09,364.25,368.07,357.30
20260206,359.32,372.88,358.01,369.11,1.70,393726,14514523,1.919400,353.77,363.41,367.12,352.48,360.62,370.44,374.23,359.30
20260209,370.50,372.50,362.60,368.82,-0.08,274486,10080946,1.919400,364.78,363.13,366.75,357.00,371.84,370.15,373.84,363.91
20260210,365.17,370.80,364.00,364.97,-1.04,185635,6798020,1.919400,359.53,359.33,365.07,358.38,366.49,366.29,372.14,365.31
20260211,366.90,370.99,364.50,368.00,0.83,196535,7239804,1.919400,361.24,362.32,365.26,358.87,368.22,369.33,372.33,365.82
20260212,370.00,377.88,368.03,375.87,2.14,277546,10410892,1.919400,364.29,370.07,372.05,362.35,371.33,377.23,379.24,369.36
20260213,375.61,377.00,365.01,365.34,-2.80,223145,8229701,1.919400,369.81,359.70,371.18,359.37,376.97,366.66,378.36,366.33
20260224,372.64,373.50,361.95,361.95,-0.93,226951,8316535,1.919400,366.89,356.36,367.73,356.36,373.98,363.26,374.85,363.26
20260225,363.69,366.60,360.10,362.18,0.06,187166,6802111,1.919400,358.07,356.59,360.94,354.54,365.00,363.49,367.92,361.40
20260226,356.05,358.20,343.50,346.00,-4.47,435414,15108143,1.919400,350.55,340.66,352.67,338.20,357.33,347.25,359.49,344.74
20260227,347.12,348.94,342.01,342.01,-1.15,254466,8775054,1.919400,341.76,336.73,343.55,336.73,348.37,343.24,350.20,343.24
20260302,341.00,344.90,336.68,340.22,-0.52,283513,9643255,1.919400,335.74,334.97,339.57,331.48,342.23,341.45,346.14,337.89
20260303,346.33,354.35,344.03,344.07,1.13,400075,13919957,1.919400,340.98,338.76,348.88,338.72,347.58,345.31,355.63,345.27
20260304,341.10,342.02,334.20,338.90,-1.50,250804,8468605,1.919400,335.83,333.67,336.74,329.04,342.33,340.12,343.25,335.41
20260305,344.58,353.85,342.66,350.25,3.35,310061,10819502,1.919400,339.26,344.84,348.39,337.37,345.82,351.51,355.13,343.90
20260306,349.00,357.02,344.66,354.77,1.29,209631,7388869,1.919400,343.61,349.29,351.51,339.34,350.26,356.05,358.31,345.90
20260309,348.84,359.85,345.06,357.50,0.77,317976,11217997,1.919400,343.45,351.98,354.29,339.73,350.10,358.79,361.15,346.30
20260310,375.00,379.77,366.50,376.30,5.26,507417,19049081,1.919400,369.21,370.49,373.91,360.84,376.35,377.66,381.14,367.82
20260311,379.58,403.55,378.98,396.80,5.45,575987,22642696,1.919400,373.72,390.67,397.32,373.13,380.95,398.23,405.01,380.35
20260312,400.00,400.90,392.70,395.50,-0.33,291504,11537672,1.919400,393.82,389.39,394.71,386.64,401.44,396.93,402.35,394.12
20260313,393.88,403.99,393.80,397.00,0.38,355826,14201304,1.919400,387.80,390.87,397.75,387.72,395.30,398.43,405.45,395.22
20260316,401.77,413.17,398.00,408.40,2.87,373521,15195015,1.919400,395.57,402.09,406.79,391.85,403.22,409.87,414.66,399.44
20260317,415.78,420.00,404.56,405.00,-0.83,359807,14787231,1.919400,409.36,398.75,413.52,398.31,417.28,406.46,421.52,406.02
20260318,405.36,406.00,396.77,402.02,-0.74,265300,10653634,1.919400,399.10,395.81,399.73,390.64,406.82,403.47,407.46,398.20
20260319,401.94,414.00,400.00,400.50,-0.38,292866,11867381,1.919400,395.73,394.32,407.61,393.82,403.39,401.94,415.49,401.44
20260320,405.08,422.08,400.13,413.00,3.12,537297,22252018,1.919400,398.83,406.62,415.56,393.95,406.54,414.49,423.60,401.57
20260323,417.33,417.36,398.75,401.99,-2.67,446141,18193336,1.919400,410.89,395.78,410.92,392.59,418.84,403.44,418.87,400.19
20260324,405.00,411.90,388.00,396.99,-1.24,364105,14439125,1.919400,398.75,390.86,405.54,382.01,406.46,398.42,413.39,389.40
20260325,393.00,400.50,387.80,397.81,0.21,267528,10553996,1.919400,386.93,391.67,394.32,381.81,394.42,399.25,401.94,389.20
20260326,393.84,413.72,392.00,402.50,1.18,267637,10811440,1.919400,387.76,396.29,407.33,385.95,395.26,403.95,415.21,393.41
20260327,406.12,418.33,401.73,416.18,3.40,302580,12465857,1.919400,399.85,409.75,411.87,395.53,407.59,417.68,419.84,403.18
20260330,413.00,418.85,405.60,413.00,-0.76,253484,10440376,1.919400,406.62,406.62,412.38,399.34,414.49,414.49,420.36,407.06
20260331,413.00,416.95,401.58,401.70,-2.74,249256,10159878,1.919400,406.62,395.50,410.51,395.38,414.49,403.15,418.45,403.03
20260401,409.73,409.87,396.00,405.71,1.00,231701,9384267,1.919400,403.40,399.45,403.54,389.89,411.21,407.17,411.35,397.43
20260402,407.90,411.99,397.20,401.17,-1.12,223056,8988162,1.919400,401.60,394.98,405.63,391.07,409.37,402.62,413.48,398.63
20260403,400.00,400.80,385.13,386.46,-3.67,247515,9640031,1.919400,393.82,380.49,394.61,379.18,401.44,387.85,402.25,386.52
20260407,389.98,393.20,381.49,384.59,-0.48,172576,6675633,1.919400,383.96,378.65,387.13,375.60,391.39,385.98,394.62,382.87
20260408,396.50,397.65,388.22,391.30,1.74,364184,14315333,1.919400,390.38,385.26,391.51,382.23,397.93,392.71,399.08,389.62
20260409,394.10,394.28,386.66,389.99,-0.33,259552,10132745,1.919400,388.02,383.97,388.19,380.69,395.52,391.40,395.70,388.06
20260410,394.00,419.00,392.68,416.00,6.67,507887,20752496,1.919400,387.92,409.58,412.53,386.62,395.42,417.50,420.51,394.10
20260413,418.00,433.33,416.00,427.13,2.68,412399,17625506,1.919400,411.55,420.54,426.64,409.58,419.51,428.67,434.89,417.50
20260414,421.50,432.49,414.40,430.79,0.86,442208,18663656,1.919400,414.99,424.14,425.81,408.00,423.02,432.34,434.05,415.90
20260415,438.88,439.46,427.07,431.00,0.05,373536,16122379,1.919400,432.10,424.35,432.67,420.48,440.46,432.55,441.05,428.61
20260416,441.00,460.00,433.02,453.98,5.33,635062,28517416,1.919400,434.19,446.97,452.90,426.33,442.59,455.62,461.66,434.58
20260417,455.96,457.64,441.01,444.20,-2.15,365358,16290232,1.919400,448.92,437.34,450.57,434.20,457.61,445.80,459.29,442.60
20260420,433.00,437.90,426.01,432.50,-2.63,529278,22768029,1.919400,426.31,425.82,431.14,419.43,434.56,434.06,439.48,427.55
20260421,435.00,450.13,425.10,447.60,3.49,577746,25412276,1.919400,428.28,440.69,443.18,418.54,436.57,449.21,451.75,426.63
20260422,441.01,447.97,433.13,436.35,-0.98,460254,20173925,1.949500,441.01,436.35,447.97,433.13,449.54,444.79,456.64,441.51
20260423,443.50,443.60,435.00,438.90,0.58,354310,15566837,1.949500,443.50,438.90,443.60,435.00,452.08,447.39,452.18,443.42
20260424,442.00,448.45,438.00,444.90,1.37,395425,17517374,1.949500,442.00,444.90,448.45,438.00,450.55,453.51,457.13,446.47
20260427,444.63,448.76,433.80,434.88,-2.25,330613,14514326,1.949500,444.63,434.88,448.76,433.80,453.23,443.29,457.44,442.19
20260428,426.19,433.30,423.00,427.67,-1.66,350121,14992134,1.949500,426.19,427.67,433.30,423.00,434.44,435.94,441.68,431.18
20260429,432.00,445.15,428.00,445.00,4.05,376336,16473164,1.949500,432.00,445.00,445.15,428.00,440.36,453.61,453.76,436.28
20260430,446.50,449.50,436.00,436.00,-2.02,298121,13127298,1.949500,446.50,436.00,449.50,436.00,455.14,444.44,458.20,444.44
20260506,457.50,465.88,448.63,460.00,5.50,473727,21679901,1.949500,457.50,460.00,465.88,448.63,466.35,468.90,474.89,457.31
20260507,468.75,468.75,447.00,451.64,-1.82,386213,17551197,1.949500,468.75,451.64,468.75,447.00,477.82,460.38,477.82,455.65
20260508,449.00,455.50,436.20,437.00,-3.24,366049,16224287,1.949500,449.00,437.00,455.50,436.20,457.69,445.45,464.31,444.64
20260511,440.00,450.51,435.10,446.11,2.08,341901,15198345,1.949500,440.00,446.11,450.51,435.10,448.51,454.74,459.23,443.52
20260512,446.59,446.85,429.29,431.25,-3.33,341515,14869224,1.949500,446.59,431.25,446.85,429.29,455.23,439.59,455.49,437.60
20260513,431.01,436.58,427.08,434.05,0.65,316858,13668348,1.949500,431.01,434.05,436.58,427.08,439.35,442.45,445.03,435.34
20260514,449.38,450.45,427.00,427.00,-1.62,347046,15157646,1.949500,449.38,427.00,450.45,427.00,458.07,435.26,459.16,435.26
20260515,428.08,431.50,421.00,423.60,-0.80,297049,12638151,1.949500,428.08,423.60,431.50,421.00,436.36,431.80,439.85,429.14
20260518,420.58,422.90,414.00,417.23,-1.50,284983,11894351,1.949500,420.58,417.23,422.90,414.00,428.72,425.30,431.08,422.01
20260519,415.86,419.90,406.80,417.92,0.17,260877,10805349,1.949500,415.86,417.92,419.90,406.80,423.91,426.01,428.02,414.67
20260520,417.00,422.99,412.66,414.75,-0.76,281190,11734884,1.949500,417.00,414.75,422.99,412.66,425.07,422.77,431.17,420.64
20260521,419.87,427.62,411.42,411.63,-0.75,338672,14239107,1.949500,419.87,411.63,427.62,411.42,427.99,419.59,435.89,419.38
20260522,414.70,416.50,410.00,411.16,-0.11,277884,11472586,1.949500,414.70,411.16,416.50,410.00,422.72,419.11,424.56,417.93
20260525,411.28,414.50,400.00,402.88,-2.01,381977,15479409,1.949500,411.28,402.88,414.50,400.00,419.24,410.67,422.52,407.74
20260526,406.19,408.77,400.36,402.50,-0.09,350627,14152427,1.949500,406.19,402.50,408.77,400.36,414.05,410.29,416.68,408.11
20260527,413.92,428.90,411.29,414.80,3.06,533729,22373359,1.949500,413.92,414.80,428.90,411.29,421.93,422.82,437.20,419.25
20260528,420.00,420.58,406.20,415.68,0.21,327771,13502296,1.949500,420.00,415.68,420.58,406.20,428.13,423.72,428.72,414.06
20260529,423.00,430.86,416.55,424.00,2.00,498119,21139032,1.949500,423.00,424.00,430.86,416.55,431.18,432.20,439.20,424.61
20260601,432.10,438.24,418.18,420.10,-0.92,386005,16554496,1.949500,432.10,420.10,438.24,418.18,440.46,428.23,446.72,426.27
20260602,425.00,437.75,423.00,433.89,3.28,387982,16719046,1.949500,425.00,433.89,437.75,423.00,433.22,442.28,446.22,431.18
20260603,437.00,437.00,420.10,426.42,-1.72,385526,16460791,1.949500,437.00,426.42,437.00,420.10,445.45,434.67,445.45,428.23
20260604,426.42,426.90,407.18,408.20,-4.27,431155,17788218,1.949500,426.42,408.20,426.90,407.18,434.67,416.10,435.16,415.06
20260605,407.89,412.65,402.70,403.00,-1.27,287389,11711424,1.949500,407.89,403.00,412.65,402.70,415.78,410.80,420.63,410.49
20260608,395.80,402.68,390.70,393.02,-2.48,286526,11335281,1.949500,395.80,393.02,402.68,390.70,403.46,400.62,410.47,398.26
20260609,399.99,401.87,388.00,399.50,1.65,277351,10926470,1.949500,399.99,399.50,401.87,388.00,407.73,407.23,409.64,395.51
20260610,395.28,399.00,385.12,388.50,-2.75,244357,9535581,1.949500,395.28,388.50,399.00,385.12,402.93,396.02,406.72,392.57
20260611,386.98,391.34,380.03,382.20,-1.62,268654,10301876,1.949500,386.98,382.20,391.34,380.03,394.47,389.59,398.91,387.38
20260612,389.99,399.54,383.30,394.85,3.31,414208,16279000,1.949500,389.99,394.85,399.54,383.30,397.53,402.49,407.27,390.72
20260615,402.00,407.90,393.41,398.10,0.82,340749,13613556,1.949500,402.00,398.10,407.90,393.41,409.78,405.80,415.79,401.02
20260616,408.88,409.02,398.50,403.53,1.36,348393,14107809,1.949500,408.88,403.53,409.02,398.50,416.79,411.34,416.93,406.21
20260617,400.00,403.30,395.58,399.00,-1.12,250093,9965558,1.949500,400.00,399.00,403.30,395.58,407.74,406.72,411.10,403.23
20260618,400.39,409.89,389.92,391.55,-1.87,385481,15327444,1.949500,400.39,391.55,409.89,389.92,408.14,399.13,417.82,397.46
20260622,393.00,413.33,386.00,408.98,4.45,594648,23926026,1.949500,393.00,408.98,413.33,386.00,400.60,416.89,421.33,393.47
20260623,411.00,414.04,390.73,392.51,-4.03,373741,14957779,1.949500,411.00,392.51,414.04,390.73,418.95,400.10,422.05,398.29
20260624,392.00,399.27,386.66,395.36,0.73,344271,13521408,1.949500,392.00,395.36,399.27,386.66,399.58,403.01,406.99,394.14
20260625,399.88,402.55,392.58,401.90,1.65,324046,12900279,1.949500,399.88,401.90,402.55,392.58,407.62,409.68,410.34,400.18
20260626,401.00,409.81,381.00,381.00,-5.20,465253,18133875,1.949500,401.00,381.00,409.81,381.00,408.76,388.37,417.74,388.37
20260629,386.96,396.00,378.20,392.36,2.98,425259,16529882,1.949500,386.96,392.36,396.00,378.20,394.45,399.95,403.66,385.52
20260630,392.49,402.36,390.00,393.01,0.17,270383,10665434,1.949500,392.49,393.01,402.36,390.00,400.08,400.61,410.14,397.55
20260701,390.00,391.00,370.00,383.84,-2.33,440886,16758898,1.949500,390.00,383.84,391.00,370.00,397.55,391.27,398.56,377.16
20260702,387.68,390.99,380.39,382.35,-0.39,340754,13139767,1.949500,387.68,382.35,390.99,380.39,395.18,389.75,398.55,387.75
20260703,381.96,387.95,379.00,380.00,-0.61,258849,9910833,1.949500,381.96,380.00,387.95,379.00,389.35,387.35,395.46,386.33
